timestamp_ns,elapsed_s,role,hostname,platform,nic_name,cpu_percent,mem_used_mb,mem_total_mb,mem_percent,gpu_util_percent,gpu_mem_used_mb,gpu_mem_total_mb,net_tx_mbps,net_rx_mbps,net_bytes_sent,net_bytes_recv,ping_ms,ping_jitter_ms,emc_util_percent,power_mw,temp_c
1775475247634460453,0.002422,sender,antropi-orin,Linux-5.15.185-tegra-aarch64-with-glibc2.35,enP8p1s0,,,,,,,,,,,,0.257,,,,
1775475248660422300,1.028385,sender,antropi-orin,Linux-5.15.185-tegra-aarch64-with-glibc2.35,enP8p1s0,3.5,3326.0,7607.0,,,,,,,,,0.273,0.016,,,
1775475249691104187,2.059067,sender,antropi-orin,Linux-5.15.185-tegra-aarch64-with-glibc2.35,enP8p1s0,4.333333,3329.0,7607.0,,,,,,,,,0.25,0.023,,,
1775475250724423504,3.092386,sender,antropi-orin,Linux-5.15.185-tegra-aarch64-with-glibc2.35,enP8p1s0,6.0,3332.0,7607.0,,,,,,,,,0.244,0.006,,,
1775475251754099202,4.122062,sender,antropi-orin,Linux-5.15.185-tegra-aarch64-with-glibc2.35,enP8p1s0,4.666667,3333.0,7607.0,,,,,,,,,0.262,0.018,,,
1775475252785290862,5.153254,sender,antropi-orin,Linux-5.15.185-tegra-aarch64-with-glibc2.35,enP8p1s0,4.166667,3335.0,7607.0,,,,,,,,,0.273,0.011,,,
1775475253814431422,6.182393,sender,antropi-orin,Linux-5.15.185-tegra-aarch64-with-glibc2.35,enP8p1s0,5.833333,3337.0,7607.0,,,,,,,,,0.315,0.042,,,
1775475254845111049,7.213072,sender,antropi-orin,Linux-5.15.185-tegra-aarch64-with-glibc2.35,enP8p1s0,4.166667,3336.0,7607.0,,,,,,,,,1.39,1.075,,,
1775475255874805874,8.242767,sender,antropi-orin,Linux-5.15.185-tegra-aarch64-with-glibc2.35,enP8p1s0,5.666667,3337.0,7607.0,,,,,,,,,0.632,0.758,,,
1775475256904734455,9.272695,sender,antropi-orin,Linux-5.15.185-tegra-aarch64-with-glibc2.35,enP8p1s0,5.166667,3338.0,7607.0,,,,,,,,,8.66,8.028,,,
1775475257943378820,10.311339,sender,antropi-orin,Linux-5.15.185-tegra-aarch64-with-glibc2.35,enP8p1s0,5.166667,3338.0,7607.0,,,,,,,,,0.249,8.411,,,
1775475258973644092,11.341605,sender,antropi-orin,Linux-5.15.185-tegra-aarch64-with-glibc2.35,enP8p1s0,4.5,3337.0,7607.0,,,,,,,,,5.6,5.351,,,
1775475260008763680,12.376725,sender,antropi-orin,Linux-5.15.185-tegra-aarch64-with-glibc2.35,enP8p1s0,4.333333,3337.0,7607.0,,,,,,,,,0.257,5.343,,,
1775475261039303050,13.407265,sender,antropi-orin,Linux-5.15.185-tegra-aarch64-with-glibc2.35,enP8p1s0,5.666667,3337.0,7607.0,,,,,,,,,7.5,7.243,,,
1775475262075923293,14.443884,sender,antropi-orin,Linux-5.15.185-tegra-aarch64-with-glibc2.35,enP8p1s0,4.166667,3338.0,7607.0,,,,,,,,,0.391,7.109,,,
1775475263104382849,15.472344,sender,antropi-orin,Linux-5.15.185-tegra-aarch64-with-glibc2.35,enP8p1s0,4.833333,3338.0,7607.0,,,,,,,,,9.82,9.429,,,
1775475264142898734,16.510862,sender,antropi-orin,Linux-5.15.185-tegra-aarch64-with-glibc2.35,enP8p1s0,5.5,3342.0,7607.0,,,,,,,,,0.942,8.878,,,
1775475265174825234,17.542786,sender,antropi-orin,Linux-5.15.185-tegra-aarch64-with-glibc2.35,enP8p1s0,4.833333,3342.0,7607.0,,,,,,,,,3.56,2.618,,,
1775475266206678058,18.574639,sender,antropi-orin,Linux-5.15.185-tegra-aarch64-with-glibc2.35,enP8p1s0,5.666667,3343.0,7607.0,,,,,,,,,0.261,3.299,,,
1775475267235430925,19.603392,sender,antropi-orin,Linux-5.15.185-tegra-aarch64-with-glibc2.35,enP8p1s0,4.833333,3343.0,7607.0,,,,,,,,,10.8,10.539,,,
1775475268274411230,20.642372,sender,antropi-orin,Linux-5.15.185-tegra-aarch64-with-glibc2.35,enP8p1s0,4.666667,3343.0,7607.0,,,,,,,,,0.903,9.897,,,
1775475269305244736,21.673206,sender,antropi-orin,Linux-5.15.185-tegra-aarch64-with-glibc2.35,enP8p1s0,4.333333,3343.0,7607.0,,,,,,,,,7.53,6.627,,,
1775475270343019328,22.710982,sender,antropi-orin,Linux-5.15.185-tegra-aarch64-with-glibc2.35,enP8p1s0,4.333333,3343.0,7607.0,,,,,,,,,0.469,7.061,,,
1775475271371357394,23.739319,sender,antropi-orin,Linux-5.15.185-tegra-aarch64-with-glibc2.35,enP8p1s0,5.666667,3341.0,7607.0,,,,,,,,,8.15,7.681,,,
1775475272408913689,24.776875,sender,antropi-orin,Linux-5.15.185-tegra-aarch64-with-glibc2.35,enP8p1s0,5.166667,3342.0,7607.0,,,,,,,,,0.254,7.896,,,
1775475273439199911,25.807161,sender,antropi-orin,Linux-5.15.185-tegra-aarch64-with-glibc2.35,enP8p1s0,5.0,3341.0,7607.0,,,,,,,,,6.78,6.526,,,
1775475274474337024,26.842298,sender,antropi-orin,Linux-5.15.185-tegra-aarch64-with-glibc2.35,enP8p1s0,4.166667,3341.0,7607.0,,,,,,,,,0.257,6.523,,,
1775475275504531833,27.872493,sender,antropi-orin,Linux-5.15.185-tegra-aarch64-with-glibc2.35,enP8p1s0,4.833333,3343.0,7607.0,,,,,,,,,8.07,7.813,,,
1775475276542522948,28.910484,sender,antropi-orin,Linux-5.15.185-tegra-aarch64-with-glibc2.35,enP8p1s0,7.5,3344.0,7607.0,,,,,,,,,0.276,7.794,,,
1775475277572762474,29.940725,sender,antropi-orin,Linux-5.15.185-tegra-aarch64-with-glibc2.35,enP8p1s0,5.5,3344.0,7607.0,,,,,,,,,8.23,7.954,,,
1775475278609581894,30.977545,sender,antropi-orin,Linux-5.15.185-tegra-aarch64-with-glibc2.35,enP8p1s0,4.0,3344.0,7607.0,,,,,,,,,0.205,8.025,,,
1775475279639734680,32.007697,sender,antropi-orin,Linux-5.15.185-tegra-aarch64-with-glibc2.35,enP8p1s0,4.833333,3344.0,7607.0,,,,,,,,,8.02,7.815,,,
1775475280676302586,33.044264,sender,antropi-orin,Linux-5.15.185-tegra-aarch64-with-glibc2.35,enP8p1s0,4.666667,3343.0,7607.0,,,,,,,,,0.266,7.754,,,
1775475281708839955,34.076801,sender,antropi-orin,Linux-5.15.185-tegra-aarch64-with-glibc2.35,enP8p1s0,5.0,3344.0,7607.0,,,,,,,,,5.63,5.364,,,
1775475282744141957,35.112103,sender,antropi-orin,Linux-5.15.185-tegra-aarch64-with-glibc2.35,enP8p1s0,4.166667,3344.0,7607.0,,,,,,,,,0.301,5.329,,,
1775475283772144605,36.140107,sender,antropi-orin,Linux-5.15.185-tegra-aarch64-with-glibc2.35,enP8p1s0,5.166667,3344.0,7607.0,,,,,,,,,10.8,10.499,,,
1775475284815637121,37.1836,sender,antropi-orin,Linux-5.15.185-tegra-aarch64-with-glibc2.35,enP8p1s0,4.333333,3343.0,7607.0,,,,,,,,,0.236,10.564,,,
1775475285847169276,38.215131,sender,antropi-orin,Linux-5.15.185-tegra-aarch64-with-glibc2.35,enP8p1s0,4.333333,3344.0,7607.0,,,,,,,,,0.36,0.124,,,
1775475286876597628,39.244559,sender,antropi-orin,Linux-5.15.185-tegra-aarch64-with-glibc2.35,enP8p1s0,5.166667,3348.0,7607.0,,,,,,,,,0.247,0.113,,,
1775475287904665298,40.272626,sender,antropi-orin,Linux-5.15.185-tegra-aarch64-with-glibc2.35,enP8p1s0,4.333333,3343.0,7607.0,,,,,,,,,10.5,10.253,,,
1775475288945600660,41.313561,sender,antropi-orin,Linux-5.15.185-tegra-aarch64-with-glibc2.35,enP8p1s0,5.0,3344.0,7607.0,,,,,,,,,0.233,10.267,,,
1775475289976869668,42.344831,sender,antropi-orin,Linux-5.15.185-tegra-aarch64-with-glibc2.35,enP8p1s0,3.666667,3345.0,7607.0,,,,,,,,,4.33,4.097,,,
1775475291009957303,43.377919,sender,antropi-orin,Linux-5.15.185-tegra-aarch64-with-glibc2.35,enP8p1s0,5.333333,3345.0,7607.0,,,,,,,,,0.251,4.079,,,
1775475292040549510,44.40851,sender,antropi-orin,Linux-5.15.185-tegra-aarch64-with-glibc2.35,enP8p1s0,5.0,3344.0,7607.0,,,,,,,,,5.92,5.669,,,
1775475293075614454,45.443576,sender,antropi-orin,Linux-5.15.185-tegra-aarch64-with-glibc2.35,enP8p1s0,4.666667,3344.0,7607.0,,,,,,,,,0.268,5.652,,,
1775475294104934260,46.472895,sender,antropi-orin,Linux-5.15.185-tegra-aarch64-with-glibc2.35,enP8p1s0,4.333333,3344.0,7607.0,,,,,,,,,4.77,4.502,,,
1775475295141132974,47.509093,sender,antropi-orin,Linux-5.15.185-tegra-aarch64-with-glibc2.35,enP8p1s0,4.666667,3344.0,7607.0,,,,,,,,,0.269,4.501,,,
1775475296170823139,48.538784,sender,antropi-orin,Linux-5.15.185-tegra-aarch64-with-glibc2.35,enP8p1s0,4.833333,3344.0,7607.0,,,,,,,,,3.87,3.601,,,
1775475297204326507,49.572288,sender,antropi-orin,Linux-5.15.185-tegra-aarch64-with-glibc2.35,enP8p1s0,4.166667,3344.0,7607.0,,,,,,,,,0.257,3.613,,,
1775475298233391168,50.601353,sender,antropi-orin,Linux-5.15.185-tegra-aarch64-with-glibc2.35,enP8p1s0,3.333333,3344.0,7607.0,,,,,,,,,0.28,0.023,,,
1775475299262690225,51.630651,sender,antropi-orin,Linux-5.15.185-tegra-aarch64-with-glibc2.35,enP8p1s0,4.0,3344.0,7607.0,,,,,,,,,0.338,0.058,,,
1775475300292117278,52.660079,sender,antropi-orin,Linux-5.15.185-tegra-aarch64-with-glibc2.35,enP8p1s0,4.0,3344.0,7607.0,,,,,,,,,0.264,0.074,,,
1775475301320962675,53.688924,sender,antropi-orin,Linux-5.15.185-tegra-aarch64-with-glibc2.35,enP8p1s0,5.166667,3344.0,7607.0,,,,,,,,,0.263,0.001,,,
1775475302350378478,54.718339,sender,antropi-orin,Linux-5.15.185-tegra-aarch64-with-glibc2.35,enP8p1s0,4.5,3344.0,7607.0,,,,,,,,,0.25,0.013,,,
1775475303379660157,55.747621,sender,antropi-orin,Linux-5.15.185-tegra-aarch64-with-glibc2.35,enP8p1s0,4.333333,3344.0,7607.0,,,,,,,,,0.232,0.018,,,
1775475304408811969,56.776773,sender,antropi-orin,Linux-5.15.185-tegra-aarch64-with-glibc2.35,enP8p1s0,4.166667,3343.0,7607.0,,,,,,,,,0.247,0.015,,,
1775475305438097183,57.806058,sender,antropi-orin,Linux-5.15.185-tegra-aarch64-with-glibc2.35,enP8p1s0,4.5,3342.0,7607.0,,,,,,,,,3.93,3.683,,,
1775475306471090861,58.839052,sender,antropi-orin,Linux-5.15.185-tegra-aarch64-with-glibc2.35,enP8p1s0,5.166667,3343.0,7607.0,,,,,,,,,0.246,3.684,,,
1775475307499769420,59.86773,sender,antropi-orin,Linux-5.15.185-tegra-aarch64-with-glibc2.35,enP8p1s0,4.0,3344.0,7607.0,,,,,,,,,7.23,6.984,,,
1775475308537586524,60.905548,sender,antropi-orin,Linux-5.15.185-tegra-aarch64-with-glibc2.35,enP8p1s0,3.833333,3343.0,7607.0,,,,,,,,,0.236,6.994,,,
1775475309567139359,61.935101,sender,antropi-orin,Linux-5.15.185-tegra-aarch64-with-glibc2.35,enP8p1s0,3.666667,3344.0,7607.0,,,,,,,,,7.09,6.854,,,
1775475310602896782,62.970857,sender,antropi-orin,Linux-5.15.185-tegra-aarch64-with-glibc2.35,enP8p1s0,4.333333,3345.0,7607.0,,,,,,,,,0.261,6.829,,,
1775475311630919260,63.998881,sender,antropi-orin,Linux-5.15.185-tegra-aarch64-with-glibc2.35,enP8p1s0,5.0,3346.0,7607.0,,,,,,,,,0.33,0.069,,,
1775475312660425317,65.028386,sender,antropi-orin,Linux-5.15.185-tegra-aarch64-with-glibc2.35,enP8p1s0,4.333333,3345.0,7607.0,,,,,,,,,0.305,0.025,,,
1775475313690411313,66.058373,sender,antropi-orin,Linux-5.15.185-tegra-aarch64-with-glibc2.35,enP8p1s0,3.833333,3346.0,7607.0,,,,,,,,,0.294,0.011,,,
1775475314722717356,67.090678,sender,antropi-orin,Linux-5.15.185-tegra-aarch64-with-glibc2.35,enP8p1s0,3.833333,3345.0,7607.0,,,,,,,,,0.269,0.025,,,
1775475315750234222,68.118196,sender,antropi-orin,Linux-5.15.185-tegra-aarch64-with-glibc2.35,enP8p1s0,2.833333,3348.0,7607.0,,,,,,,,,0.267,0.002,,,
1775475316780957811,69.148919,sender,antropi-orin,Linux-5.15.185-tegra-aarch64-with-glibc2.35,enP8p1s0,4.666667,3348.0,7607.0,,,,,,,,,0.269,0.002,,,
1775475317811690001,70.179651,sender,antropi-orin,Linux-5.15.185-tegra-aarch64-with-glibc2.35,enP8p1s0,4.0,3348.0,7607.0,,,,,,,,,0.282,0.013,,,
1775475318840501177,71.208464,sender,antropi-orin,Linux-5.15.185-tegra-aarch64-with-glibc2.35,enP8p1s0,4.333333,3348.0,7607.0,,,,,,,,,0.34,0.058,,,
1775475319870233583,72.238195,sender,antropi-orin,Linux-5.15.185-tegra-aarch64-with-glibc2.35,enP8p1s0,3.333333,3348.0,7607.0,,,,,,,,,0.276,0.064,,,
1775475320899588948,73.26755,sender,antropi-orin,Linux-5.15.185-tegra-aarch64-with-glibc2.35,enP8p1s0,3.333333,3347.0,7607.0,,,,,,,,,3.55,3.274,,,
1775475321932667145,74.300628,sender,antropi-orin,Linux-5.15.185-tegra-aarch64-with-glibc2.35,enP8p1s0,5.333333,3348.0,7607.0,,,,,,,,,0.261,3.289,,,
1775475322961780440,75.329741,sender,antropi-orin,Linux-5.15.185-tegra-aarch64-with-glibc2.35,enP8p1s0,4.5,3348.0,7607.0,,,,,,,,,0.316,0.055,,,
1775475323990467542,76.358429,sender,antropi-orin,Linux-5.15.185-tegra-aarch64-with-glibc2.35,enP8p1s0,3.5,3349.0,7607.0,,,,,,,,,0.281,0.035,,,
1775475325020499915,77.388461,sender,antropi-orin,Linux-5.15.185-tegra-aarch64-with-glibc2.35,enP8p1s0,3.833333,3347.0,7607.0,,,,,,,,,0.28,0.001,,,
1775475326049860968,78.417822,sender,antropi-orin,Linux-5.15.185-tegra-aarch64-with-glibc2.35,enP8p1s0,4.833333,3346.0,7607.0,,,,,,,,,0.254,0.026,,,
1775475327079282367,79.447243,sender,antropi-orin,Linux-5.15.185-tegra-aarch64-with-glibc2.35,enP8p1s0,6.166667,3347.0,7607.0,,,,,,,,,0.263,0.009,,,
1775475328108415272,80.476376,sender,antropi-orin,Linux-5.15.185-tegra-aarch64-with-glibc2.35,enP8p1s0,4.833333,3347.0,7607.0,,,,,,,,,5.48,5.217,,,
1775475329142001490,81.509962,sender,antropi-orin,Linux-5.15.185-tegra-aarch64-with-glibc2.35,enP8p1s0,4.5,3347.0,7607.0,,,,,,,,,0.295,5.185,,,
1775475330171333648,82.539295,sender,antropi-orin,Linux-5.15.185-tegra-aarch64-with-glibc2.35,enP8p1s0,4.666667,3347.0,7607.0,,,,,,,,,9.31,9.015,,,
1775475331210153479,83.578115,sender,antropi-orin,Linux-5.15.185-tegra-aarch64-with-glibc2.35,enP8p1s0,5.333333,3347.0,7607.0,,,,,,,,,0.352,8.958,,,
1775475332240895159,84.608857,sender,antropi-orin,Linux-5.15.185-tegra-aarch64-with-glibc2.35,enP8p1s0,5.333333,3347.0,7607.0,,,,,,,,,7.35,6.998,,,
1775475333277868146,85.645831,sender,antropi-orin,Linux-5.15.185-tegra-aarch64-with-glibc2.35,enP8p1s0,4.5,3347.0,7607.0,,,,,,,,,0.339,7.011,,,
1775475334308020869,86.675984,sender,antropi-orin,Linux-5.15.185-tegra-aarch64-with-glibc2.35,enP8p1s0,4.333333,3347.0,7607.0,,,,,,,,,5.53,5.191,,,
1775475335343458317,87.711421,sender,antropi-orin,Linux-5.15.185-tegra-aarch64-with-glibc2.35,enP8p1s0,4.666667,3347.0,7607.0,,,,,,,,,0.268,5.262,,,
1775475336373016771,88.740979,sender,antropi-orin,Linux-5.15.185-tegra-aarch64-with-glibc2.35,enP8p1s0,4.666667,3351.0,7607.0,,,,,,,,,7.66,7.392,,,
1775475337410859349,89.778822,sender,antropi-orin,Linux-5.15.185-tegra-aarch64-with-glibc2.35,enP8p1s0,4.833333,3352.0,7607.0,,,,,,,,,0.297,7.363,,,
1775475338441379666,90.809341,sender,antropi-orin,Linux-5.15.185-tegra-aarch64-with-glibc2.35,enP8p1s0,5.0,3344.0,7607.0,,,,,,,,,6.18,5.883,,,
1775475339476831132,91.844792,sender,antropi-orin,Linux-5.15.185-tegra-aarch64-with-glibc2.35,enP8p1s0,4.833333,3344.0,7607.0,,,,,,,,,0.269,5.911,,,
1775475340505802598,92.873764,sender,antropi-orin,Linux-5.15.185-tegra-aarch64-with-glibc2.35,enP8p1s0,6.0,3344.0,7607.0,,,,,,,,,7.88,7.611,,,
1775475341543658235,93.911619,sender,antropi-orin,Linux-5.15.185-tegra-aarch64-with-glibc2.35,enP8p1s0,4.166667,3344.0,7607.0,,,,,,,,,0.596,7.284,,,
1775475342573037152,94.940998,sender,antropi-orin,Linux-5.15.185-tegra-aarch64-with-glibc2.35,enP8p1s0,5.166667,3344.0,7607.0,,,,,,,,,6.81,6.214,,,
1775475343609271551,95.977233,sender,antropi-orin,Linux-5.15.185-tegra-aarch64-with-glibc2.35,enP8p1s0,4.166667,3345.0,7607.0,,,,,,,,,0.292,6.518,,,
1775475344638003814,97.005965,sender,antropi-orin,Linux-5.15.185-tegra-aarch64-with-glibc2.35,enP8p1s0,4.666667,3345.0,7607.0,,,,,,,,,7.17,6.878,,,
1775475345675002281,98.042964,sender,antropi-orin,Linux-5.15.185-tegra-aarch64-with-glibc2.35,enP8p1s0,5.833333,3345.0,7607.0,,,,,,,,,0.598,6.572,,,
1775475346704971518,99.072933,sender,antropi-orin,Linux-5.15.185-tegra-aarch64-with-glibc2.35,enP8p1s0,4.666667,3345.0,7607.0,,,,,,,,,8.07,7.472,,,
1775475347742943209,100.110905,sender,antropi-orin,Linux-5.15.185-tegra-aarch64-with-glibc2.35,enP8p1s0,4.5,3347.0,7607.0,,,,,,,,,0.237,7.833,,,
1775475348772122590,101.140084,sender,antropi-orin,Linux-5.15.185-tegra-aarch64-with-glibc2.35,enP8p1s0,4.333333,3348.0,7607.0,,,,,,,,,7.28,7.043,,,
1775475349809369706,102.17733,sender,antropi-orin,Linux-5.15.185-tegra-aarch64-with-glibc2.35,enP8p1s0,4.5,3348.0,7607.0,,,,,,,,,0.244,7.036,,,
1775475350838421389,103.206383,sender,antropi-orin,Linux-5.15.185-tegra-aarch64-with-glibc2.35,enP8p1s0,6.333333,3348.0,7607.0,,,,,,,,,7.96,7.716,,,
1775475351876278713,104.24424,sender,antropi-orin,Linux-5.15.185-tegra-aarch64-with-glibc2.35,enP8p1s0,5.333333,3347.0,7607.0,,,,,,,,,0.253,7.707,,,
1775475352905612309,105.273574,sender,antropi-orin,Linux-5.15.185-tegra-aarch64-with-glibc2.35,enP8p1s0,4.5,3341.0,7607.0,,,,,,,,,6.11,5.857,,,
1775475353942188788,106.31015,sender,antropi-orin,Linux-5.15.185-tegra-aarch64-with-glibc2.35,enP8p1s0,3.833333,3341.0,7607.0,,,,,,,,,0.241,5.869,,,
1775475354971774056,107.339736,sender,antropi-orin,Linux-5.15.185-tegra-aarch64-with-glibc2.35,enP8p1s0,4.333333,3342.0,7607.0,,,,,,,,,8.27,8.029,,,
1775475356009379570,108.377341,sender,antropi-orin,Linux-5.15.185-tegra-aarch64-with-glibc2.35,enP8p1s0,5.5,3343.0,7607.0,,,,,,,,,0.276,7.994,,,
1775475357036269624,109.404231,sender,antropi-orin,Linux-5.15.185-tegra-aarch64-with-glibc2.35,enP8p1s0,5.0,3344.0,7607.0,,,,,,,,,11.1,10.824,,,
1775475358076377806,110.444339,sender,antropi-orin,Linux-5.15.185-tegra-aarch64-with-glibc2.35,enP8p1s0,4.666667,3347.0,7607.0,,,,,,,,,0.837,10.263,,,
1775475359106270350,111.474232,sender,antropi-orin,Linux-5.15.185-tegra-aarch64-with-glibc2.35,enP8p1s0,4.666667,3348.0,7607.0,,,,,,,,,6.67,5.833,,,
1775475360142047824,112.510009,sender,antropi-orin,Linux-5.15.185-tegra-aarch64-with-glibc2.35,enP8p1s0,4.5,3347.0,7607.0,,,,,,,,,1.26,5.41,,,
1775475361171521976,113.539484,sender,antropi-orin,Linux-5.15.185-tegra-aarch64-with-glibc2.35,enP8p1s0,5.333333,3349.0,7607.0,,,,,,,,,6.55,5.29,,,
1775475362207949020,114.575912,sender,antropi-orin,Linux-5.15.185-tegra-aarch64-with-glibc2.35,enP8p1s0,5.0,3348.0,7607.0,,,,,,,,,0.259,6.291,,,
1775475363238507280,115.606469,sender,antropi-orin,Linux-5.15.185-tegra-aarch64-with-glibc2.35,enP8p1s0,5.333333,3348.0,7607.0,,,,,,,,,7.35,7.091,,,
1775475364274852740,116.642815,sender,antropi-orin,Linux-5.15.185-tegra-aarch64-with-glibc2.35,enP8p1s0,4.833333,3348.0,7607.0,,,,,,,,,0.187,7.163,,,
1775475365305253383,117.673216,sender,antropi-orin,Linux-5.15.185-tegra-aarch64-with-glibc2.35,enP8p1s0,4.5,3350.0,7607.0,,,,,,,,,7.74,7.553,,,
1775475366341632815,118.709595,sender,antropi-orin,Linux-5.15.185-tegra-aarch64-with-glibc2.35,enP8p1s0,5.166667,3350.0,7607.0,,,,,,,,,0.305,7.435,,,
1775475367371661403,119.739623,sender,antropi-orin,Linux-5.15.185-tegra-aarch64-with-glibc2.35,enP8p1s0,3.833333,3352.0,7607.0,,,,,,,,,8.3,7.995,,,
1775475368409550137,120.777511,sender,antropi-orin,Linux-5.15.185-tegra-aarch64-with-glibc2.35,enP8p1s0,4.166667,3351.0,7607.0,,,,,,,,,0.25,8.05,,,
1775475369438578305,121.806539,sender,antropi-orin,Linux-5.15.185-tegra-aarch64-with-glibc2.35,enP8p1s0,4.5,3350.0,7607.0,,,,,,,,,7.93,7.68,,,
1775475370477155330,122.845117,sender,antropi-orin,Linux-5.15.185-tegra-aarch64-with-glibc2.35,enP8p1s0,7.166667,3352.0,7607.0,,,,,,,,,0.253,7.677,,,
1775475371507623486,123.875584,sender,antropi-orin,Linux-5.15.185-tegra-aarch64-with-glibc2.35,enP8p1s0,5.333333,3346.0,7607.0,,,,,,,,,6.14,5.887,,,
1775475372544386439,124.912348,sender,antropi-orin,Linux-5.15.185-tegra-aarch64-with-glibc2.35,enP8p1s0,4.166667,3347.0,7607.0,,,,,,,,,0.249,5.891,,,
1775475373573740412,125.941702,sender,antropi-orin,Linux-5.15.185-tegra-aarch64-with-glibc2.35,enP8p1s0,4.5,3348.0,7607.0,,,,,,,,,6.8,6.551,,,
1775475374610471191,126.978434,sender,antropi-orin,Linux-5.15.185-tegra-aarch64-with-glibc2.35,enP8p1s0,4.333333,3350.0,7607.0,,,,,,,,,0.246,6.554,,,
1775475375640151847,128.008114,sender,antropi-orin,Linux-5.15.185-tegra-aarch64-with-glibc2.35,enP8p1s0,5.666667,3350.0,7607.0,,,,,,,,,7.14,6.894,,,
1775475376676422923,129.044386,sender,antropi-orin,Linux-5.15.185-tegra-aarch64-with-glibc2.35,enP8p1s0,5.333333,3351.0,7607.0,,,,,,,,,0.253,6.887,,,
1775475377705677604,130.07364,sender,antropi-orin,Linux-5.15.185-tegra-aarch64-with-glibc2.35,enP8p1s0,5.0,3351.0,7607.0,,,,,,,,,8.06,7.807,,,
1775475378743882056,131.111843,sender,antropi-orin,Linux-5.15.185-tegra-aarch64-with-glibc2.35,enP8p1s0,4.0,3352.0,7607.0,,,,,,,,,0.431,7.629,,,
1775475379774126252,132.142087,sender,antropi-orin,Linux-5.15.185-tegra-aarch64-with-glibc2.35,enP8p1s0,3.833333,3352.0,7607.0,,,,,,,,,6.45,6.019,,,
1775475380809446271,133.177408,sender,antropi-orin,Linux-5.15.185-tegra-aarch64-with-glibc2.35,enP8p1s0,5.333333,3351.0,7607.0,,,,,,,,,0.264,6.186,,,
1775475381838360311,134.206323,sender,antropi-orin,Linux-5.15.185-tegra-aarch64-with-glibc2.35,enP8p1s0,5.0,3350.0,7607.0,,,,,,,,,7.0,6.736,,,
1775475382875238915,135.243201,sender,antropi-orin,Linux-5.15.185-tegra-aarch64-with-glibc2.35,enP8p1s0,4.666667,3350.0,7607.0,,,,,,,,,0.246,6.754,,,
1775475383904603225,136.272565,sender,antropi-orin,Linux-5.15.185-tegra-aarch64-with-glibc2.35,enP8p1s0,4.333333,3350.0,7607.0,,,,,,,,,7.06,6.814,,,
1775475384942746005,137.310707,sender,antropi-orin,Linux-5.15.185-tegra-aarch64-with-glibc2.35,enP8p1s0,4.5,3350.0,7607.0,,,,,,,,,0.277,6.783,,,
1775475385973297594,138.341259,sender,antropi-orin,Linux-5.15.185-tegra-aarch64-with-glibc2.35,enP8p1s0,5.333333,3350.0,7607.0,,,,,,,,,7.01,6.733,,,
1775475387009154069,139.377117,sender,antropi-orin,Linux-5.15.185-tegra-aarch64-with-glibc2.35,enP8p1s0,5.0,3350.0,7607.0,,,,,,,,,0.262,6.748,,,
1775475388039866865,140.407827,sender,antropi-orin,Linux-5.15.185-tegra-aarch64-with-glibc2.35,enP8p1s0,4.166667,3355.0,7607.0,,,,,,,,,6.82,6.558,,,
1775475389077852433,141.445814,sender,antropi-orin,Linux-5.15.185-tegra-aarch64-with-glibc2.35,enP8p1s0,4.833333,3355.0,7607.0,,,,,,,,,0.249,6.571,,,
1775475390106560243,142.474521,sender,antropi-orin,Linux-5.15.185-tegra-aarch64-with-glibc2.35,enP8p1s0,5.333333,3353.0,7607.0,,,,,,,,,6.66,6.411,,,
1775475391145261079,143.513223,sender,antropi-orin,Linux-5.15.185-tegra-aarch64-with-glibc2.35,enP8p1s0,4.833333,3353.0,7607.0,,,,,,,,,0.302,6.358,,,
1775475392173710278,144.541672,sender,antropi-orin,Linux-5.15.185-tegra-aarch64-with-glibc2.35,enP8p1s0,4.666667,3354.0,7607.0,,,,,,,,,5.21,4.908,,,
1775475393209744480,145.577707,sender,antropi-orin,Linux-5.15.185-tegra-aarch64-with-glibc2.35,enP8p1s0,4.5,3346.0,7607.0,,,,,,,,,0.246,4.964,,,
1775475394239715847,146.607678,sender,antropi-orin,Linux-5.15.185-tegra-aarch64-with-glibc2.35,enP8p1s0,4.833333,3347.0,7607.0,,,,,,,,,6.46,6.214,,,
1775475395274469431,147.64243,sender,antropi-orin,Linux-5.15.185-tegra-aarch64-with-glibc2.35,enP8p1s0,4.5,3348.0,7607.0,,,,,,,,,0.242,6.218,,,
1775475396302804524,148.670766,sender,antropi-orin,Linux-5.15.185-tegra-aarch64-with-glibc2.35,enP8p1s0,4.833333,3347.0,7607.0,,,,,,,,,9.61,9.368,,,
1775475397340963935,149.708927,sender,antropi-orin,Linux-5.15.185-tegra-aarch64-with-glibc2.35,enP8p1s0,5.0,3347.0,7607.0,,,,,,,,,0.275,9.335,,,
1775475398370511460,150.738472,sender,antropi-orin,Linux-5.15.185-tegra-aarch64-with-glibc2.35,enP8p1s0,5.0,3343.0,7607.0,,,,,,,,,9.7,9.425,,,
1775475399409634050,151.777595,sender,antropi-orin,Linux-5.15.185-tegra-aarch64-with-glibc2.35,enP8p1s0,4.333333,3342.0,7607.0,,,,,,,,,0.264,9.436,,,
1775475400438984951,152.806946,sender,antropi-orin,Linux-5.15.185-tegra-aarch64-with-glibc2.35,enP8p1s0,4.333333,3343.0,7607.0,,,,,,,,,6.94,6.676,,,
1775475401475132420,153.843094,sender,antropi-orin,Linux-5.15.185-tegra-aarch64-with-glibc2.35,enP8p1s0,6.166667,3344.0,7607.0,,,,,,,,,0.27,6.67,,,
1775475402505152573,154.873114,sender,antropi-orin,Linux-5.15.185-tegra-aarch64-with-glibc2.35,enP8p1s0,4.166667,3343.0,7607.0,,,,,,,,,7.3,7.03,,,
1775475403541676455,155.909639,sender,antropi-orin,Linux-5.15.185-tegra-aarch64-with-glibc2.35,enP8p1s0,4.5,3344.0,7607.0,,,,,,,,,0.258,7.042,,,
1775475404570667932,156.938629,sender,antropi-orin,Linux-5.15.185-tegra-aarch64-with-glibc2.35,enP8p1s0,5.0,3345.0,7607.0,,,,,,,,,9.1,8.842,,,
1775475405607978925,157.97594,sender,antropi-orin,Linux-5.15.185-tegra-aarch64-with-glibc2.35,enP8p1s0,5.0,3345.0,7607.0,,,,,,,,,0.266,8.834,,,
1775475406636535885,159.004497,sender,antropi-orin,Linux-5.15.185-tegra-aarch64-with-glibc2.35,enP8p1s0,4.333333,3345.0,7607.0,,,,,,,,,11.1,10.834,,,
1775475407676685492,160.044646,sender,antropi-orin,Linux-5.15.185-tegra-aarch64-with-glibc2.35,enP8p1s0,5.166667,3337.0,7607.0,,,,,,,,,0.254,10.846,,,
1775475408706915439,161.074877,sender,antropi-orin,Linux-5.15.185-tegra-aarch64-with-glibc2.35,enP8p1s0,4.666667,3336.0,7607.0,,,,,,,,,6.32,6.066,,,
1775475409742130969,162.110093,sender,antropi-orin,Linux-5.15.185-tegra-aarch64-with-glibc2.35,enP8p1s0,4.333333,3338.0,7607.0,,,,,,,,,0.236,6.084,,,
1775475410770072756,163.138035,sender,antropi-orin,Linux-5.15.185-tegra-aarch64-with-glibc2.35,enP8p1s0,4.833333,3340.0,7607.0,,,,,,,,,10.8,10.564,,,
1775475411810831762,164.178794,sender,antropi-orin,Linux-5.15.185-tegra-aarch64-with-glibc2.35,enP8p1s0,4.333333,3341.0,7607.0,,,,,,,,,0.237,10.563,,,
1775475412840463049,165.208426,sender,antropi-orin,Linux-5.15.185-tegra-aarch64-with-glibc2.35,enP8p1s0,5.166667,3341.0,7607.0,,,,,,,,,6.31,6.073,,,
1775475413874169465,166.242132,sender,antropi-orin,Linux-5.15.185-tegra-aarch64-with-glibc2.35,enP8p1s0,4.666667,3342.0,7607.0,,,,,,,,,0.287,6.023,,,
1775475414902798894,167.270762,sender,antropi-orin,Linux-5.15.185-tegra-aarch64-with-glibc2.35,enP8p1s0,4.333333,3342.0,7607.0,,,,,,,,,9.44,9.153,,,
1775475415942416635,168.310378,sender,antropi-orin,Linux-5.15.185-tegra-aarch64-with-glibc2.35,enP8p1s0,5.5,3343.0,7607.0,,,,,,,,,0.255,9.185,,,
1775475416973018515,169.340979,sender,antropi-orin,Linux-5.15.185-tegra-aarch64-with-glibc2.35,enP8p1s0,5.5,3343.0,7607.0,,,,,,,,,6.58,6.325,,,
1775475418007411196,170.375373,sender,antropi-orin,Linux-5.15.185-tegra-aarch64-with-glibc2.35,enP8p1s0,4.666667,3342.0,7607.0,,,,,,,,,0.378,6.202,,,
1775475419036948336,171.404909,sender,antropi-orin,Linux-5.15.185-tegra-aarch64-with-glibc2.35,enP8p1s0,5.0,3342.0,7607.0,,,,,,,,,10.9,10.522,,,
1775475420078008457,172.445971,sender,antropi-orin,Linux-5.15.185-tegra-aarch64-with-glibc2.35,enP8p1s0,5.166667,3342.0,7607.0,,,,,,,,,0.298,10.602,,,
1775475421107753239,173.475714,sender,antropi-orin,Linux-5.15.185-tegra-aarch64-with-glibc2.35,enP8p1s0,5.666667,3341.0,7607.0,,,,,,,,,4.62,4.322,,,
1775475422142324206,174.510285,sender,antropi-orin,Linux-5.15.185-tegra-aarch64-with-glibc2.35,enP8p1s0,5.333333,3342.0,7607.0,,,,,,,,,0.244,4.376,,,
1775475423172484667,175.540446,sender,antropi-orin,Linux-5.15.185-tegra-aarch64-with-glibc2.35,enP8p1s0,5.0,3340.0,7607.0,,,,,,,,,6.56,6.316,,,
1775475424209089367,176.577051,sender,antropi-orin,Linux-5.15.185-tegra-aarch64-with-glibc2.35,enP8p1s0,4.833333,3340.0,7607.0,,,,,,,,,0.228,6.332,,,
1775475425238905681,177.606867,sender,antropi-orin,Linux-5.15.185-tegra-aarch64-with-glibc2.35,enP8p1s0,4.5,3341.0,7607.0,,,,,,,,,7.27,7.042,,,
1775475426274072641,178.642033,sender,antropi-orin,Linux-5.15.185-tegra-aarch64-with-glibc2.35,enP8p1s0,5.166667,3340.0,7607.0,,,,,,,,,0.293,6.977,,,
1775475427302454928,179.670416,sender,antropi-orin,Linux-5.15.185-tegra-aarch64-with-glibc2.35,enP8p1s0,5.333333,3340.0,7607.0,,,,,,,,,10.8,10.507,,,
1775475428342970353,180.710931,sender,antropi-orin,Linux-5.15.185-tegra-aarch64-with-glibc2.35,enP8p1s0,4.333333,3340.0,7607.0,,,,,,,,,0.278,10.522,,,
1775475429372670195,181.740632,sender,antropi-orin,Linux-5.15.185-tegra-aarch64-with-glibc2.35,enP8p1s0,5.333333,3340.0,7607.0,,,,,,,,,6.56,6.282,,,
1775475430408836453,182.776799,sender,antropi-orin,Linux-5.15.185-tegra-aarch64-with-glibc2.35,enP8p1s0,4.166667,3340.0,7607.0,,,,,,,,,0.277,6.283,,,
1775475431437955920,183.805918,sender,antropi-orin,Linux-5.15.185-tegra-aarch64-with-glibc2.35,enP8p1s0,6.166667,3341.0,7607.0,,,,,,,,,10.1,9.823,,,
1775475432476941721,184.844904,sender,antropi-orin,Linux-5.15.185-tegra-aarch64-with-glibc2.35,enP8p1s0,5.0,3341.0,7607.0,,,,,,,,,0.268,9.832,,,
1775475433506380800,185.874342,sender,antropi-orin,Linux-5.15.185-tegra-aarch64-with-glibc2.35,enP8p1s0,4.5,3341.0,7607.0,,,,,,,,,6.24,5.972,,,
1775475434541502246,186.909464,sender,antropi-orin,Linux-5.15.185-tegra-aarch64-with-glibc2.35,enP8p1s0,5.5,3341.0,7607.0,,,,,,,,,0.255,5.985,,,
1775475435570660093,187.938622,sender,antropi-orin,Linux-5.15.185-tegra-aarch64-with-glibc2.35,enP8p1s0,4.333333,3341.0,7607.0,,,,,,,,,9.21,8.955,,,
1775475436608889312,188.97685,sender,antropi-orin,Linux-5.15.185-tegra-aarch64-with-glibc2.35,enP8p1s0,5.666667,3342.0,7607.0,,,,,,,,,0.364,8.846,,,
1775475437638223472,190.006185,sender,antropi-orin,Linux-5.15.185-tegra-aarch64-with-glibc2.35,enP8p1s0,5.0,3341.0,7607.0,,,,,,,,,7.9,7.536,,,
1775475438675115978,191.043078,sender,antropi-orin,Linux-5.15.185-tegra-aarch64-with-glibc2.35,enP8p1s0,5.166667,3341.0,7607.0,,,,,,,,,0.268,7.632,,,
1775475439704936956,192.072898,sender,antropi-orin,Linux-5.15.185-tegra-aarch64-with-glibc2.35,enP8p1s0,4.666667,3341.0,7607.0,,,,,,,,,6.9,6.632,,,
1775475440741493988,193.109455,sender,antropi-orin,Linux-5.15.185-tegra-aarch64-with-glibc2.35,enP8p1s0,5.333333,3341.0,7607.0,,,,,,,,,0.281,6.619,,,
1775475441770165778,194.138127,sender,antropi-orin,Linux-5.15.185-tegra-aarch64-with-glibc2.35,enP8p1s0,5.5,3342.0,7607.0,,,,,,,,,11.1,10.819,,,
1775475442810754957,195.178715,sender,antropi-orin,Linux-5.15.185-tegra-aarch64-with-glibc2.35,enP8p1s0,5.0,3341.0,7607.0,,,,,,,,,0.255,10.845,,,
1775475443842398709,196.21036,sender,antropi-orin,Linux-5.15.185-tegra-aarch64-with-glibc2.35,enP8p1s0,4.166667,3340.0,7607.0,,,,,,,,,3.92,3.665,,,
1775475444875211443,197.243172,sender,antropi-orin,Linux-5.15.185-tegra-aarch64-with-glibc2.35,enP8p1s0,4.333333,3340.0,7607.0,,,,,,,,,0.335,3.585,,,
1775475445904609629,198.272572,sender,antropi-orin,Linux-5.15.185-tegra-aarch64-with-glibc2.35,enP8p1s0,5.333333,3339.0,7607.0,,,,,,,,,6.85,6.515,,,
1775475446940873665,199.308836,sender,antropi-orin,Linux-5.15.185-tegra-aarch64-with-glibc2.35,enP8p1s0,4.5,3340.0,7607.0,,,,,,,,,0.26,6.59,,,
1775475447969851992,200.337814,sender,antropi-orin,Linux-5.15.185-tegra-aarch64-with-glibc2.35,enP8p1s0,4.333333,3341.0,7607.0,,,,,,,,,10.8,10.54,,,
1775475449008911634,201.376874,sender,antropi-orin,Linux-5.15.185-tegra-aarch64-with-glibc2.35,enP8p1s0,4.666667,3341.0,7607.0,,,,,,,,,0.251,10.549,,,
1775475450038964792,202.406927,sender,antropi-orin,Linux-5.15.185-tegra-aarch64-with-glibc2.35,enP8p1s0,4.333333,3340.0,7607.0,,,,,,,,,6.3,6.049,,,
1775475451076791436,203.444754,sender,antropi-orin,Linux-5.15.185-tegra-aarch64-with-glibc2.35,enP8p1s0,5.166667,3340.0,7607.0,,,,,,,,,1.11,5.19,,,
1775475452108499598,204.476462,sender,antropi-orin,Linux-5.15.185-tegra-aarch64-with-glibc2.35,enP8p1s0,5.166667,3340.0,7607.0,,,,,,,,,4.59,3.48,,,
1775475453141838129,205.5098,sender,antropi-orin,Linux-5.15.185-tegra-aarch64-with-glibc2.35,enP8p1s0,4.5,3340.0,7607.0,,,,,,,,,0.279,4.311,,,
1775475454170986320,206.538948,sender,antropi-orin,Linux-5.15.185-tegra-aarch64-with-glibc2.35,enP8p1s0,4.5,3341.0,7607.0,,,,,,,,,9.33,9.051,,,
1775475455210833247,207.578795,sender,antropi-orin,Linux-5.15.185-tegra-aarch64-with-glibc2.35,enP8p1s0,4.333333,3342.0,7607.0,,,,,,,,,0.71,8.62,,,
1775475456238089384,208.606052,sender,antropi-orin,Linux-5.15.185-tegra-aarch64-with-glibc2.35,enP8p1s0,5.666667,3343.0,7607.0,,,,,,,,,8.14,7.43,,,
1775475457277123003,209.645085,sender,antropi-orin,Linux-5.15.185-tegra-aarch64-with-glibc2.35,enP8p1s0,4.5,3343.0,7607.0,,,,,,,,,0.426,7.714,,,
1775475458307017719,210.67498,sender,antropi-orin,Linux-5.15.185-tegra-aarch64-with-glibc2.35,enP8p1s0,4.333333,3343.0,7607.0,,,,,,,,,5.99,5.564,,,
1775475459342169640,211.710132,sender,antropi-orin,Linux-5.15.185-tegra-aarch64-with-glibc2.35,enP8p1s0,5.166667,3344.0,7607.0,,,,,,,,,0.535,5.455,,,
1775475460371302954,212.739265,sender,antropi-orin,Linux-5.15.185-tegra-aarch64-with-glibc2.35,enP8p1s0,5.0,3342.0,7607.0,,,,,,,,,9.0,8.465,,,
1775475461409129806,213.777092,sender,antropi-orin,Linux-5.15.185-tegra-aarch64-with-glibc2.35,enP8p1s0,6.166667,3340.0,7607.0,,,,,,,,,0.237,8.763,,,
1775475462438772275,214.806734,sender,antropi-orin,Linux-5.15.185-tegra-aarch64-with-glibc2.35,enP8p1s0,4.833333,3341.0,7607.0,,,,,,,,,8.11,7.873,,,
1775475463475846877,215.843809,sender,antropi-orin,Linux-5.15.185-tegra-aarch64-with-glibc2.35,enP8p1s0,4.5,3342.0,7607.0,,,,,,,,,0.235,7.875,,,
1775475464505337780,216.8733,sender,antropi-orin,Linux-5.15.185-tegra-aarch64-with-glibc2.35,enP8p1s0,4.333333,3342.0,7607.0,,,,,,,,,7.33,7.095,,,
1775475465542946433,217.910909,sender,antropi-orin,Linux-5.15.185-tegra-aarch64-with-glibc2.35,enP8p1s0,4.5,3342.0,7607.0,,,,,,,,,0.239,7.091,,,
1775475466571866147,218.939829,sender,antropi-orin,Linux-5.15.185-tegra-aarch64-with-glibc2.35,enP8p1s0,5.333333,3344.0,7607.0,,,,,,,,,8.68,8.441,,,
1775475467610417597,219.978381,sender,antropi-orin,Linux-5.15.185-tegra-aarch64-with-glibc2.35,enP8p1s0,4.666667,3345.0,7607.0,,,,,,,,,0.259,8.421,,,
1775475468640088774,221.008052,sender,antropi-orin,Linux-5.15.185-tegra-aarch64-with-glibc2.35,enP8p1s0,4.833333,3345.0,7607.0,,,,,,,,,7.42,7.161,,,
1775475469676734283,222.044696,sender,antropi-orin,Linux-5.15.185-tegra-aarch64-with-glibc2.35,enP8p1s0,4.666667,3346.0,7607.0,,,,,,,,,0.313,7.107,,,
1775475470705478199,223.07344,sender,antropi-orin,Linux-5.15.185-tegra-aarch64-with-glibc2.35,enP8p1s0,4.333333,3346.0,7607.0,,,,,,,,,11.3,10.987,,,
1775475471747295241,224.115258,sender,antropi-orin,Linux-5.15.185-tegra-aarch64-with-glibc2.35,enP8p1s0,6.0,3345.0,7607.0,,,,,,,,,0.244,11.056,,,
1775475472776335379,225.144297,sender,antropi-orin,Linux-5.15.185-tegra-aarch64-with-glibc2.35,enP8p1s0,5.333333,3342.0,7607.0,,,,,,,,,5.75,5.506,,,
1775475473816149551,226.18411,sender,antropi-orin,Linux-5.15.185-tegra-aarch64-with-glibc2.35,enP8p1s0,4.166667,3340.0,7607.0,,,,,,,,,0.258,5.492,,,
1775475474850443656,227.218405,sender,antropi-orin,Linux-5.15.185-tegra-aarch64-with-glibc2.35,enP8p1s0,4.5,3341.0,7607.0,,,,,,,,,0.223,0.035,,,
1775475475879325248,228.247286,sender,antropi-orin,Linux-5.15.185-tegra-aarch64-with-glibc2.35,enP8p1s0,4.5,3341.0,7607.0,,,,,,,,,0.275,0.052,,,
1775475476910316485,229.278278,sender,antropi-orin,Linux-5.15.185-tegra-aarch64-with-glibc2.35,enP8p1s0,6.166667,3339.0,7607.0,,,,,,,,,2.94,2.665,,,
1775475477943085486,230.311046,sender,antropi-orin,Linux-5.15.185-tegra-aarch64-with-glibc2.35,enP8p1s0,4.666667,3339.0,7607.0,,,,,,,,,0.256,2.684,,,
1775475478973880262,231.341842,sender,antropi-orin,Linux-5.15.185-tegra-aarch64-with-glibc2.35,enP8p1s0,4.833333,3340.0,7607.0,,,,,,,,,7.58,7.324,,,
1775475480010540319,232.378501,sender,antropi-orin,Linux-5.15.185-tegra-aarch64-with-glibc2.35,enP8p1s0,5.666667,3341.0,7607.0,,,,,,,,,0.228,7.352,,,
1775475481038621200,233.406583,sender,antropi-orin,Linux-5.15.185-tegra-aarch64-with-glibc2.35,enP8p1s0,4.166667,3342.0,7607.0,,,,,,,,,6.77,6.542,,,
1775475482076397178,234.444358,sender,antropi-orin,Linux-5.15.185-tegra-aarch64-with-glibc2.35,enP8p1s0,4.5,3354.0,7607.0,,,,,,,,,0.237,6.533,,,
1775475483105716607,235.473678,sender,antropi-orin,Linux-5.15.185-tegra-aarch64-with-glibc2.35,enP8p1s0,4.5,3341.0,7607.0,,,,,,,,,7.32,7.083,,,
1775475484142176867,236.510138,sender,antropi-orin,Linux-5.15.185-tegra-aarch64-with-glibc2.35,enP8p1s0,4.333333,3342.0,7607.0,,,,,,,,,0.233,7.087,,,
1775475485171499295,237.539461,sender,antropi-orin,Linux-5.15.185-tegra-aarch64-with-glibc2.35,enP8p1s0,4.666667,3341.0,7607.0,,,,,,,,,8.91,8.677,,,
1775475486210057098,238.578018,sender,antropi-orin,Linux-5.15.185-tegra-aarch64-with-glibc2.35,enP8p1s0,5.833333,3341.0,7607.0,,,,,,,,,0.241,8.669,,,
1775475487238062176,239.606023,sender,antropi-orin,Linux-5.15.185-tegra-aarch64-with-glibc2.35,enP8p1s0,4.666667,3342.0,7607.0,,,,,,,,,8.79,8.549,,,
1775475488275364774,240.643326,sender,antropi-orin,Linux-5.15.185-tegra-aarch64-with-glibc2.35,enP8p1s0,4.833333,3341.0,7607.0,,,,,,,,,0.259,8.531,,,
1775475489305782667,241.673744,sender,antropi-orin,Linux-5.15.185-tegra-aarch64-with-glibc2.35,enP8p1s0,4.166667,3342.0,7607.0,,,,,,,,,7.18,6.921,,,
1775475490342996007,242.710957,sender,antropi-orin,Linux-5.15.185-tegra-aarch64-with-glibc2.35,enP8p1s0,5.833333,3335.0,7607.0,,,,,,,,,0.244,6.936,,,
1775475491372395820,243.740357,sender,antropi-orin,Linux-5.15.185-tegra-aarch64-with-glibc2.35,enP8p1s0,5.166667,3336.0,7607.0,,,,,,,,,7.18,6.936,,,
1775475492408306562,244.776267,sender,antropi-orin,Linux-5.15.185-tegra-aarch64-with-glibc2.35,enP8p1s0,4.833333,3337.0,7607.0,,,,,,,,,0.231,6.949,,,
1775475493437224660,245.805187,sender,antropi-orin,Linux-5.15.185-tegra-aarch64-with-glibc2.35,enP8p1s0,5.333333,3337.0,7607.0,,,,,,,,,10.3,10.069,,,
1775475494477155357,246.845117,sender,antropi-orin,Linux-5.15.185-tegra-aarch64-with-glibc2.35,enP8p1s0,5.0,3337.0,7607.0,,,,,,,,,0.223,10.077,,,
1775475495505761504,247.873723,sender,antropi-orin,Linux-5.15.185-tegra-aarch64-with-glibc2.35,enP8p1s0,4.833333,3337.0,7607.0,,,,,,,,,5.93,5.707,,,
1775475496541485281,248.909447,sender,antropi-orin,Linux-5.15.185-tegra-aarch64-with-glibc2.35,enP8p1s0,5.333333,3338.0,7607.0,,,,,,,,,0.224,5.706,,,
1775475497570443780,249.938405,sender,antropi-orin,Linux-5.15.185-tegra-aarch64-with-glibc2.35,enP8p1s0,5.333333,3338.0,7607.0,,,,,,,,,9.73,9.506,,,
1775475498609217411,250.977179,sender,antropi-orin,Linux-5.15.185-tegra-aarch64-with-glibc2.35,enP8p1s0,4.833333,3338.0,7607.0,,,,,,,,,0.273,9.457,,,
1775475499638589000,252.00655,sender,antropi-orin,Linux-5.15.185-tegra-aarch64-with-glibc2.35,enP8p1s0,4.666667,3337.0,7607.0,,,,,,,,,6.42,6.147,,,
1775475500677302493,253.045264,sender,antropi-orin,Linux-5.15.185-tegra-aarch64-with-glibc2.35,enP8p1s0,5.0,3340.0,7607.0,,,,,,,,,0.262,6.158,,,
1775475501707127236,254.075088,sender,antropi-orin,Linux-5.15.185-tegra-aarch64-with-glibc2.35,enP8p1s0,5.166667,3340.0,7607.0,,,,,,,,,5.88,5.618,,,
1775475502741467694,255.109428,sender,antropi-orin,Linux-5.15.185-tegra-aarch64-with-glibc2.35,enP8p1s0,5.0,3340.0,7607.0,,,,,,,,,0.25,5.63,,,
1775475503770210292,256.138171,sender,antropi-orin,Linux-5.15.185-tegra-aarch64-with-glibc2.35,enP8p1s0,4.166667,3341.0,7607.0,,,,,,,,,10.6,10.35,,,
1775475504810506205,257.178467,sender,antropi-orin,Linux-5.15.185-tegra-aarch64-with-glibc2.35,enP8p1s0,5.0,3341.0,7607.0,,,,,,,,,0.263,10.337,,,
1775475505840707773,258.208669,sender,antropi-orin,Linux-5.15.185-tegra-aarch64-with-glibc2.35,enP8p1s0,5.5,3342.0,7607.0,,,,,,,,,5.74,5.477,,,
1775475506875638661,259.2436,sender,antropi-orin,Linux-5.15.185-tegra-aarch64-with-glibc2.35,enP8p1s0,4.833333,3342.0,7607.0,,,,,,,,,0.245,5.495,,,
1775475507906766226,260.274728,sender,antropi-orin,Linux-5.15.185-tegra-aarch64-with-glibc2.35,enP8p1s0,4.166667,3342.0,7607.0,,,,,,,,,6.36,6.115,,,
1775475508941996953,261.309958,sender,antropi-orin,Linux-5.15.185-tegra-aarch64-with-glibc2.35,enP8p1s0,4.333333,3342.0,7607.0,,,,,,,,,0.329,6.031,,,
1775475509971767296,262.339729,sender,antropi-orin,Linux-5.15.185-tegra-aarch64-with-glibc2.35,enP8p1s0,5.166667,3343.0,7607.0,,,,,,,,,6.92,6.591,,,
1775475511007374375,263.375336,sender,antropi-orin,Linux-5.15.185-tegra-aarch64-with-glibc2.35,enP8p1s0,5.166667,3343.0,7607.0,,,,,,,,,0.315,6.605,,,
1775475512035372830,264.403334,sender,antropi-orin,Linux-5.15.185-tegra-aarch64-with-glibc2.35,enP8p1s0,4.5,3344.0,7607.0,,,,,,,,,10.6,10.285,,,
1775475513075147453,265.443109,sender,antropi-orin,Linux-5.15.185-tegra-aarch64-with-glibc2.35,enP8p1s0,4.666667,3344.0,7607.0,,,,,,,,,0.271,10.329,,,
1775475514105563043,266.473524,sender,antropi-orin,Linux-5.15.185-tegra-aarch64-with-glibc2.35,enP8p1s0,5.0,3345.0,7607.0,,,,,,,,,6.05,5.779,,,
1775475515142012079,267.509973,sender,antropi-orin,Linux-5.15.185-tegra-aarch64-with-glibc2.35,enP8p1s0,4.333333,3341.0,7607.0,,,,,,,,,0.227,5.823,,,
1775475516171188529,268.53915,sender,antropi-orin,Linux-5.15.185-tegra-aarch64-with-glibc2.35,enP8p1s0,5.166667,3343.0,7607.0,,,,,,,,,9.21,8.983,,,
1775475517210691931,269.578653,sender,antropi-orin,Linux-5.15.185-tegra-aarch64-with-glibc2.35,enP8p1s0,5.166667,3341.0,7607.0,,,,,,,,,0.252,8.958,,,
1775475518238970850,270.606932,sender,antropi-orin,Linux-5.15.185-tegra-aarch64-with-glibc2.35,enP8p1s0,5.166667,3342.0,7607.0,,,,,,,,,6.56,6.308,,,
1775475519274613836,271.642575,sender,antropi-orin,Linux-5.15.185-tegra-aarch64-with-glibc2.35,enP8p1s0,4.166667,3342.0,7607.0,,,,,,,,,0.246,6.314,,,
1775475520304905721,272.672867,sender,antropi-orin,Linux-5.15.185-tegra-aarch64-with-glibc2.35,enP8p1s0,5.666667,3355.0,7607.0,,,,,,,,,7.5,7.254,,,
1775475521343668067,273.711629,sender,antropi-orin,Linux-5.15.185-tegra-aarch64-with-glibc2.35,enP8p1s0,4.666667,3343.0,7607.0,,,,,,,,,0.249,7.251,,,
1775475522373441789,274.741403,sender,antropi-orin,Linux-5.15.185-tegra-aarch64-with-glibc2.35,enP8p1s0,4.666667,3343.0,7607.0,,,,,,,,,6.01,5.761,,,
1775475523408750609,275.776712,sender,antropi-orin,Linux-5.15.185-tegra-aarch64-with-glibc2.35,enP8p1s0,4.666667,3343.0,7607.0,,,,,,,,,0.246,5.764,,,
1775475524438249534,276.806212,sender,antropi-orin,Linux-5.15.185-tegra-aarch64-with-glibc2.35,enP8p1s0,5.666667,3343.0,7607.0,,,,,,,,,8.21,7.964,,,
1775475525476351850,277.844313,sender,antropi-orin,Linux-5.15.185-tegra-aarch64-with-glibc2.35,enP8p1s0,5.833333,3343.0,7607.0,,,,,,,,,0.246,7.964,,,
1775475526505439238,278.873402,sender,antropi-orin,Linux-5.15.185-tegra-aarch64-with-glibc2.35,enP8p1s0,5.666667,3343.0,7607.0,,,,,,,,,6.53,6.284,,,
1775475527542625815,279.910587,sender,antropi-orin,Linux-5.15.185-tegra-aarch64-with-glibc2.35,enP8p1s0,5.0,3342.0,7607.0,,,,,,,,,0.285,6.245,,,
1775475528572525278,280.940487,sender,antropi-orin,Linux-5.15.185-tegra-aarch64-with-glibc2.35,enP8p1s0,4.666667,3342.0,7607.0,,,,,,,,,6.7,6.415,,,
1775475529608575374,281.976537,sender,antropi-orin,Linux-5.15.185-tegra-aarch64-with-glibc2.35,enP8p1s0,5.0,3343.0,7607.0,,,,,,,,,0.261,6.439,,,
1775475530638423405,283.006385,sender,antropi-orin,Linux-5.15.185-tegra-aarch64-with-glibc2.35,enP8p1s0,5.5,3344.0,7607.0,,,,,,,,,7.18,6.919,,,
1775475531675279624,284.043241,sender,antropi-orin,Linux-5.15.185-tegra-aarch64-with-glibc2.35,enP8p1s0,5.833333,3343.0,7607.0,,,,,,,,,0.332,6.848,,,
1775475532704988797,285.072949,sender,antropi-orin,Linux-5.15.185-tegra-aarch64-with-glibc2.35,enP8p1s0,5.0,3344.0,7607.0,,,,,,,,,6.53,6.198,,,
1775475533742035061,286.109996,sender,antropi-orin,Linux-5.15.185-tegra-aarch64-with-glibc2.35,enP8p1s0,7.166667,3343.0,7607.0,,,,,,,,,0.244,6.286,,,
1775475534771023411,287.138984,sender,antropi-orin,Linux-5.15.185-tegra-aarch64-with-glibc2.35,enP8p1s0,4.333333,3343.0,7607.0,,,,,,,,,9.82,9.576,,,
1775475535809818603,288.177779,sender,antropi-orin,Linux-5.15.185-tegra-aarch64-with-glibc2.35,enP8p1s0,6.0,3344.0,7607.0,,,,,,,,,0.315,9.505,,,
1775475536839070344,289.207031,sender,antropi-orin,Linux-5.15.185-tegra-aarch64-with-glibc2.35,enP8p1s0,5.666667,3344.0,7607.0,,,,,,,,,7.33,7.015,,,
1775475537876437946,290.244399,sender,antropi-orin,Linux-5.15.185-tegra-aarch64-with-glibc2.35,enP8p1s0,4.5,3344.0,7607.0,,,,,,,,,0.253,7.077,,,
1775475538905621230,291.273582,sender,antropi-orin,Linux-5.15.185-tegra-aarch64-with-glibc2.35,enP8p1s0,5.166667,3344.0,7607.0,,,,,,,,,6.46,6.207,,,
1775475539941823806,292.309785,sender,antropi-orin,Linux-5.15.185-tegra-aarch64-with-glibc2.35,enP8p1s0,5.166667,3342.0,7607.0,,,,,,,,,0.254,6.206,,,
1775475540971120591,293.339082,sender,antropi-orin,Linux-5.15.185-tegra-aarch64-with-glibc2.35,enP8p1s0,5.666667,3346.0,7607.0,,,,,,,,,8.21,7.956,,,
1775475542010127992,294.378089,sender,antropi-orin,Linux-5.15.185-tegra-aarch64-with-glibc2.35,enP8p1s0,5.0,3344.0,7607.0,,,,,,,,,0.437,7.773,,,
1775475543041061798,295.409023,sender,antropi-orin,Linux-5.15.185-tegra-aarch64-with-glibc2.35,enP8p1s0,5.0,3345.0,7607.0,,,,,,,,,5.68,5.243,,,
1775475544075780935,296.443742,sender,antropi-orin,Linux-5.15.185-tegra-aarch64-with-glibc2.35,enP8p1s0,4.5,3345.0,7607.0,,,,,,,,,0.256,5.424,,,
1775475545104670113,297.472631,sender,antropi-orin,Linux-5.15.185-tegra-aarch64-with-glibc2.35,enP8p1s0,4.666667,3345.0,7607.0,,,,,,,,,9.11,8.854,,,
1775475546141605614,298.509567,sender,antropi-orin,Linux-5.15.185-tegra-aarch64-with-glibc2.35,enP8p1s0,5.833333,3346.0,7607.0,,,,,,,,,0.257,8.853,,,
1775475547170647204,299.538608,sender,antropi-orin,Linux-5.15.185-tegra-aarch64-with-glibc2.35,enP8p1s0,5.833333,3346.0,7607.0,,,,,,,,,10.0,9.743,,,
1775475548210114883,300.578075,sender,antropi-orin,Linux-5.15.185-tegra-aarch64-with-glibc2.35,enP8p1s0,5.5,3345.0,7607.0,,,,,,,,,0.267,9.733,,,
1775475549240879354,301.60884,sender,antropi-orin,Linux-5.15.185-tegra-aarch64-with-glibc2.35,enP8p1s0,4.5,3345.0,7607.0,,,,,,,,,5.09,4.823,,,
1775475550275604872,302.643566,sender,antropi-orin,Linux-5.15.185-tegra-aarch64-with-glibc2.35,enP8p1s0,4.666667,3345.0,7607.0,,,,,,,,,1.98,3.11,,,
1775475551306808642,303.674769,sender,antropi-orin,Linux-5.15.185-tegra-aarch64-with-glibc2.35,enP8p1s0,6.666667,3346.0,7607.0,,,,,,,,,6.55,4.57,,,
1775475552342778597,304.710739,sender,antropi-orin,Linux-5.15.185-tegra-aarch64-with-glibc2.35,enP8p1s0,5.0,3346.0,7607.0,,,,,,,,,0.341,6.209,,,
1775475553373402124,305.741363,sender,antropi-orin,Linux-5.15.185-tegra-aarch64-with-glibc2.35,enP8p1s0,4.5,3346.0,7607.0,,,,,,,,,6.48,6.139,,,
1775475554408974911,306.776936,sender,antropi-orin,Linux-5.15.185-tegra-aarch64-with-glibc2.35,enP8p1s0,4.5,3346.0,7607.0,,,,,,,,,0.299,6.181,,,
1775475555437744310,307.805706,sender,antropi-orin,Linux-5.15.185-tegra-aarch64-with-glibc2.35,enP8p1s0,4.833333,3346.0,7607.0,,,,,,,,,8.68,8.381,,,
1775475556476532652,308.844494,sender,antropi-orin,Linux-5.15.185-tegra-aarch64-with-glibc2.35,enP8p1s0,5.5,3347.0,7607.0,,,,,,,,,0.249,8.431,,,
1775475557506079245,309.87404,sender,antropi-orin,Linux-5.15.185-tegra-aarch64-with-glibc2.35,enP8p1s0,4.833333,3344.0,7607.0,,,,,,,,,6.79,6.541,,,
1775475558543393243,310.911354,sender,antropi-orin,Linux-5.15.185-tegra-aarch64-with-glibc2.35,enP8p1s0,4.166667,3356.0,7607.0,,,,,,,,,0.254,6.536,,,
1775475559572904598,311.940866,sender,antropi-orin,Linux-5.15.185-tegra-aarch64-with-glibc2.35,enP8p1s0,3.666667,3344.0,7607.0,,,,,,,,,7.96,7.706,,,
1775475560609485709,312.977447,sender,antropi-orin,Linux-5.15.185-tegra-aarch64-with-glibc2.35,enP8p1s0,5.333333,3345.0,7607.0,,,,,,,,,0.247,7.713,,,
1775475561639488301,314.00745,sender,antropi-orin,Linux-5.15.185-tegra-aarch64-with-glibc2.35,enP8p1s0,5.166667,3345.0,7607.0,,,,,,,,,8.34,8.093,,,
1775475562677006035,315.044967,sender,antropi-orin,Linux-5.15.185-tegra-aarch64-with-glibc2.35,enP8p1s0,5.0,3345.0,7607.0,,,,,,,,,0.356,7.984,,,
1775475563706707462,316.074669,sender,antropi-orin,Linux-5.15.185-tegra-aarch64-with-glibc2.35,enP8p1s0,4.833333,3346.0,7607.0,,,,,,,,,7.97,7.614,,,
1775475564743355922,317.111316,sender,antropi-orin,Linux-5.15.185-tegra-aarch64-with-glibc2.35,enP8p1s0,5.0,3344.0,7607.0,,,,,,,,,0.289,7.681,,,
1775475565772521426,318.140483,sender,antropi-orin,Linux-5.15.185-tegra-aarch64-with-glibc2.35,enP8p1s0,6.0,3343.0,7607.0,,,,,,,,,7.18,6.891,,,
1775475566808689581,319.17665,sender,antropi-orin,Linux-5.15.185-tegra-aarch64-with-glibc2.35,enP8p1s0,4.833333,3344.0,7607.0,,,,,,,,,0.265,6.915,,,
1775475567837847272,320.205808,sender,antropi-orin,Linux-5.15.185-tegra-aarch64-with-glibc2.35,enP8p1s0,4.5,3345.0,7607.0,,,,,,,,,9.36,9.095,,,
1775475568876260687,321.244222,sender,antropi-orin,Linux-5.15.185-tegra-aarch64-with-glibc2.35,enP8p1s0,5.166667,3345.0,7607.0,,,,,,,,,0.266,9.094,,,
1775475569908134689,322.276096,sender,antropi-orin,Linux-5.15.185-tegra-aarch64-with-glibc2.35,enP8p1s0,5.0,3344.0,7607.0,,,,,,,,,5.42,5.154,,,
1775475570942883024,323.310846,sender,antropi-orin,Linux-5.15.185-tegra-aarch64-with-glibc2.35,enP8p1s0,5.5,3344.0,7607.0,,,,,,,,,1.59,3.83,,,
1775475571973711171,324.341674,sender,antropi-orin,Linux-5.15.185-tegra-aarch64-with-glibc2.35,enP8p1s0,4.833333,3343.0,7607.0,,,,,,,,,7.22,5.63,,,
1775475573026546244,325.394508,sender,antropi-orin,Linux-5.15.185-tegra-aarch64-with-glibc2.35,enP8p1s0,4.666667,3343.0,7607.0,,,,,,,,,0.342,6.878,,,
1775475574068150564,326.436112,sender,antropi-orin,Linux-5.15.185-tegra-aarch64-with-glibc2.35,enP8p1s0,5.5,3343.0,7607.0,,,,,,,,,0.486,0.144,,,
1775475575097632720,327.465594,sender,antropi-orin,Linux-5.15.185-tegra-aarch64-with-glibc2.35,enP8p1s0,4.5,3343.0,7607.0,,,,,,,,,0.314,0.172,,,
1775475576126541453,328.494502,sender,antropi-orin,Linux-5.15.185-tegra-aarch64-with-glibc2.35,enP8p1s0,4.833333,3344.0,7607.0,,,,,,,,,69.7,69.386,,,
1775475577227165653,329.595127,sender,antropi-orin,Linux-5.15.185-tegra-aarch64-with-glibc2.35,enP8p1s0,5.333333,3343.0,7607.0,,,,,,,,,0.289,69.411,,,
1775475578259691453,330.627653,sender,antropi-orin,Linux-5.15.185-tegra-aarch64-with-glibc2.35,enP8p1s0,4.0,3344.0,7607.0,,,,,,,,,0.255,0.034,,,
1775475579288818869,331.65678,sender,antropi-orin,Linux-5.15.185-tegra-aarch64-with-glibc2.35,enP8p1s0,4.5,3344.0,7607.0,,,,,,,,,0.252,0.003,,,
1775475580317909194,332.685871,sender,antropi-orin,Linux-5.15.185-tegra-aarch64-with-glibc2.35,enP8p1s0,4.833333,3343.0,7607.0,,,,,,,,,0.275,0.023,,,
1775475581345594076,333.713556,sender,antropi-orin,Linux-5.15.185-tegra-aarch64-with-glibc2.35,enP8p1s0,5.833333,3344.0,7607.0,,,,,,,,,0.275,0.0,,,
1775475582374814542,334.742776,sender,antropi-orin,Linux-5.15.185-tegra-aarch64-with-glibc2.35,enP8p1s0,4.5,3344.0,7607.0,,,,,,,,,4.1,3.825,,,
1775475583408476609,335.776438,sender,antropi-orin,Linux-5.15.185-tegra-aarch64-with-glibc2.35,enP8p1s0,5.166667,3344.0,7607.0,,,,,,,,,0.272,3.828,,,
1775475584438322044,336.806283,sender,antropi-orin,Linux-5.15.185-tegra-aarch64-with-glibc2.35,enP8p1s0,5.0,3344.0,7607.0,,,,,,,,,8.1,7.828,,,
1775475585475055630,337.843017,sender,antropi-orin,Linux-5.15.185-tegra-aarch64-with-glibc2.35,enP8p1s0,4.833333,3343.0,7607.0,,,,,,,,,0.271,7.829,,,
1775475586505141160,338.873102,sender,antropi-orin,Linux-5.15.185-tegra-aarch64-with-glibc2.35,enP8p1s0,5.833333,3344.0,7607.0,,,,,,,,,5.76,5.489,,,
1775475587541990936,339.909953,sender,antropi-orin,Linux-5.15.185-tegra-aarch64-with-glibc2.35,enP8p1s0,5.0,3344.0,7607.0,,,,,,,,,0.264,5.496,,,
1775475588571210105,340.939172,sender,antropi-orin,Linux-5.15.185-tegra-aarch64-with-glibc2.35,enP8p1s0,4.333333,3344.0,7607.0,,,,,,,,,7.52,7.256,,,
1775475589606752613,341.974714,sender,antropi-orin,Linux-5.15.185-tegra-aarch64-with-glibc2.35,enP8p1s0,5.0,3344.0,7607.0,,,,,,,,,0.265,7.255,,,
1775475590636376234,343.004337,sender,antropi-orin,Linux-5.15.185-tegra-aarch64-with-glibc2.35,enP8p1s0,4.5,3344.0,7607.0,,,,,,,,,9.93,9.665,,,
1775475591676280371,344.044242,sender,antropi-orin,Linux-5.15.185-tegra-aarch64-with-glibc2.35,enP8p1s0,5.166667,3346.0,7607.0,,,,,,,,,0.267,9.663,,,
1775475592705644108,345.073605,sender,antropi-orin,Linux-5.15.185-tegra-aarch64-with-glibc2.35,enP8p1s0,5.0,3347.0,7607.0,,,,,,,,,6.08,5.813,,,
1775475593742109282,346.110071,sender,antropi-orin,Linux-5.15.185-tegra-aarch64-with-glibc2.35,enP8p1s0,6.0,3348.0,7607.0,,,,,,,,,0.261,5.819,,,
1775475594771974209,347.139935,sender,antropi-orin,Linux-5.15.185-tegra-aarch64-with-glibc2.35,enP8p1s0,4.166667,3347.0,7607.0,,,,,,,,,6.81,6.549,,,
1775475595808604597,348.176567,sender,antropi-orin,Linux-5.15.185-tegra-aarch64-with-glibc2.35,enP8p1s0,5.833333,3347.0,7607.0,,,,,,,,,0.297,6.513,,,
1775475596839075676,349.207037,sender,antropi-orin,Linux-5.15.185-tegra-aarch64-with-glibc2.35,enP8p1s0,4.5,3348.0,7607.0,,,,,,,,,5.96,5.663,,,
1775475597874917593,350.242879,sender,antropi-orin,Linux-5.15.185-tegra-aarch64-with-glibc2.35,enP8p1s0,7.666667,3349.0,7607.0,,,,,,,,,0.243,5.717,,,
1775475598904196960,351.272158,sender,antropi-orin,Linux-5.15.185-tegra-aarch64-with-glibc2.35,enP8p1s0,4.5,3349.0,7607.0,,,,,,,,,6.95,6.707,,,
1775475599942177416,352.310139,sender,antropi-orin,Linux-5.15.185-tegra-aarch64-with-glibc2.35,enP8p1s0,5.166667,3349.0,7607.0,,,,,,,,,0.27,6.68,,,
1775475600971337703,353.3393,sender,antropi-orin,Linux-5.15.185-tegra-aarch64-with-glibc2.35,enP8p1s0,5.166667,3349.0,7607.0,,,,,,,,,0.285,0.015,,,
1775475602001008975,354.368973,sender,antropi-orin,Linux-5.15.185-tegra-aarch64-with-glibc2.35,enP8p1s0,5.166667,3349.0,7607.0,,,,,,,,,0.284,0.001,,,
